<?xml version="1.0" encoding="iso-8859-1"?>
<project name="loadjava" default="..." basedir=".">

    <!-- $Id: loadjava.xml,v 1.1.1.1 2010/04/07 13:53:25 mochoa Exp $
     - You need to pass these properties: login, file
     - login string must be using syntax of -thin option of loadjava.
     - ex:
     -   <loadjava-with-public-synonym
     -     login="scott/tiger@localhost:1521:slab"
     -     file="../bin/Toolkit8i.jar"/>
     -
     -   <loadjava
     -     login="scott/tiger@localhost:1521:slab"
     -     file="../bin/Toolkit8i.jar"/>
     -
     -   <dropjava
     -     login="scott/tiger@localhost:1521:slab"
     -     file="../bin/Toolkit8i.jar"/>
     -
     -->

    <path id="aurora.classpath">
     <pathelement path="${ORACLE_HOME}/jdbc/lib/ojdbc14.jar"/>
     <pathelement path="${ORACLE_HOME}/jdbc/lib/ojdbc5.jar"/>
     <pathelement path="${ORACLE_HOME}/javavm/lib/aurora.zip"/>
    </path>

    <!--
     - This macro loads a java resource to on Oracle JVM server
     - using loadjava interface and admin tool.
     - Also grant access to everybody and creates public synonym
     - To execute this macro, provide these parameters:
     -   login   Full connect string to the database server.
     -   file    File to be upload (file.jar|file.class|file.java).
     -->
     <macrodef name="loadjava-with-public-synonym" description="Load Java with public synonym to OJVM">
        <attribute name="login" default="LOGIN NOT SET"/>
        <attribute name="file" default="FILE NOT SET"/>
        <attribute name="dir" default="."/>
        <attribute name="definer" default="nodefiner"/>
        <attribute name="failonerror" default="true"/>
        <attribute name="resolve" default="v"/>
        <sequential>
          <java failonerror="@{failonerror}" classname="oracle.aurora.server.tools.loadjava.LoadJavaMain" 
                fork="yes"
                dir="@{dir}">
            <classpath refid="aurora.classpath" />
            <arg value="-@{definer}"/>
            <!--arg value="-nativecompile"/-->
            <arg value="-v"/>
            <arg value="-@{resolve}"/>
            <arg value="-s"/>
            <arg value="-g"/>
            <arg value="public"/>
            <arg value="-u"/>
            <arg value="@{login}"/>
            <arg value="@{file}"/>
          </java>
        </sequential>
    </macrodef>

    <!--
     - This macro loads a java resource to on Oracle JVM server
     - using loadjava interface and admin tool.
     - To execute this macro, give these parameters:
     -   login   Full connect string to the database server.
     -   file    File to be upload (file.jar|file.class|file.java).
     -->
     <macrodef name="loadjava" description="Load Java without public synonym to OJVM">
        <attribute name="login" default="LOGIN NOT SET"/>
        <attribute name="file" default="FILE NOT SET"/>
        <attribute name="dir" default="."/>
        <attribute name="definer" default="nodefiner"/>
        <attribute name="failonerror" default="true"/>
        <attribute name="resolve" default="v"/>
        <!-- load resource -->
        <sequential>
          <java failonerror="@{failonerror}" classname="oracle.aurora.server.tools.loadjava.LoadJavaMain"
                fork="yes"
                dir="@{dir}">
            <classpath refid="aurora.classpath" />
            <arg value="-@{definer}"/>
            <!--arg value="-nativecompile"/-->
            <arg value="-v"/>
            <arg value="-@{resolve}"/>
            <arg value="-u"/>
            <arg value="@{login}"/>
            <arg value="@{file}"/>
          </java>
        </sequential>
    </macrodef>

    <!--
     - This macro removes a java resource from on Oracle JVM server
     - using dropjava interface and admin tool.
     - To execute this macro, give these parameters:
     -   login   Full connect string to the database server.
     -   file    File to be drop (file.jar|file.class|file.java).
     -->
     <macrodef name="dropjava" description="Drop Java from OJVM">
        <attribute name="login" default="LOGIN NOT SET"/>
        <attribute name="file" default="FILE NOT SET"/>
        <!-- drop resource -->
        <sequential>
          <java failonerror="true" classname="oracle.aurora.server.tools.loadjava.DropJavaMain" fork="yes">
            <classpath refid="aurora.classpath" />
            <arg value="-v"/>
            <arg value="-u"/>
            <arg value="@{login}"/>
            <arg value="@{file}"/>
          </java>
        </sequential>
    </macrodef>

</project>
